{
  "Ads": [
    {
      "select_main_ads": "ADMOB",
      "select_backup_ads":"APPLOVIN-M",
      "main_ads_banner": "ca-app-pub-3940256099942544/6300978111x",
      "main_ads_intertitial":"ca-app-pub-3940256099942544/1033173712x",
      "native_for_admob":"ca-app-pub-3940256099942544/2247696110x",
      "backup_ads_banner":"db4d5e8718b97d78",
      "backup_ads_intertitial":"518cd97722c60b52",
      "interval_intertitial": 5,
      "initialize_sdk":"107355779",
      "initialize_sdk_backup_ads":"",
      "high_paying_keyword_1": "",
      "high_paying_keyword_2": "",
      "high_paying_keyword_3": "",
      "high_paying_keyword_4": "",
      "high_paying_keyword_5": "",
      "status_app": "0",
      "link_redirect": "https://"
    }
  ],
  "More":
  [
    {
      "id":1,
      "title":"Ludo King",
      "image":"https://lh3.googleusercontent.com/GIa9Ek1a4hyqqulStVT1RC7Mus0K5nOcCaeDpt9sJEekq6lnrSIK7LDrpH0OHlFgwog=s180-rw",
      "link":"https://play.google.com/store/apps/details?id=com.ludo.king"
    },
    {
      "id":2,
      "title":"Homescapes",
      "image":"https://lh3.googleusercontent.com/-mPOu6rWotI9ZLDVnvE3ZqKdTgEfaQaqD5SArpkYwlNJM0fOhJLRfJPpPWACHLezwIQ=s180-rw",
      "link":"https://play.google.com/store/apps/details?id=com.playrix.homescapes"
    },
    {
      "id":3,
      "title":"Minecraft",
      "image":"https://lh3.googleusercontent.com/VSwHQjcAttxsLE47RuS4PqpC4LT7lCoSjE7Hx5AW_yCxtDvcnsHHvm5CTuL5BPN-uRTP=s180-rw",
      "link":"https://play.google.com/store/apps/details?id=com.mojang.minecraftpe"
    }
  ],

  "Categories": [
    {
      "id": 1,
      "name_category": "Easy",
      "image": "https://cdn1-production-images-kly.akamaized.net/8Y3LmBRFGbmO67kyYPayJbmUp_M=/640x360/smart/filters:quality(75):strip_icc():format(jpeg)/kly-media-production/medias/2514400/original/014338600_1543878323-PUBG-Mobile-update.jpg"

    },
    {
      "id": 2,
      "name_category": "Medium",
      "image": "https://img.okezone.com/content/2020/08/04/16/2256942/piala-menpora-esport-2020-tampilkan-game-mobile-legends-bang-bang-oiczwialMq.jpg"

    },
    {
      "id": 3,
      "name_category": "Hard",
      "image": "https://i1.wp.com/cdn.surgatekno.com/2019/08/spesifikasi-game-lords-mobile.jpg?resize=554%2C336&ssl=1"

    }
  ],

  "Data": [
    {
      "id": 1,
      "name_category": "Easy",
      "title": "Turnamen Indoesports League Mobile MON",
      "image": "https://cdn0-production-images-kly.akamaized.net/HkEDZzR6N-0KxCRWMOC-ss8IlQk=/640x360/smart/filters:quality(75):strip_icc():format(jpeg)/kly-media-production/medias/2115193/original/037405100_1524529114-Mobile-Legends-Tips.jpg",
      "description": "Dengan mengikuti turnamen ini, gamer di Tanah Air memiliki kesempatan untuk menjadi pro player PUBG Mobile.",
      "link": "https://aliendro.id/uploads/demo/guidejson/guide_1.html"
    },
    {
      "id": 2,
      "name_category": "Easy",
      "title": "Trik Tersembunyi Lord Mobile MON",
      "image": "https://media.suara.com/pictures/480x260/2020/06/26/57007-logo-mobile-legends-youtube-mobile-legends-bang-bang.jpg",
      "description": "Ini contoh description guide/tutorial ka dua pada json online,dengan data html dan gambar diambil dari folder assets aplikasi",
      "link": "<p>Indoesports League Mobile menggelar turnamen game PUBG Mobile, Indoesports League Mobile x Game.ly PUBG Mobile. Dengan mengikuti turnamen ini, gamer di Tanah Air memiliki kesempatan untuk menjadi pro player PUBG Mobile.</p>\r\n\r\n<p>Seperti diketahui, Indonesia tengah menjadi sorotan di kalangan PUBGM Global lewat prestasi yang baru-baru ini diraih sebagai Juara Dunia PUBG Mobile. Kemenangan dicapai oleh Bigetron RA yang digawangi oleh Luxxy, Zuxxy, Ryzen dan Microboy.</p>\r\n\r\n<p><img alt=\"\" src=\"https://cdn1-production-images-kly.akamaized.net/8Y3LmBRFGbmO67kyYPayJbmUp_M=/640x360/smart/filters:quality(75):strip_icc():format(jpeg)/kly-media-production/medias/2514400/original/014338600_1543878323-PUBG-Mobile-update.jpg\" style=\"height:360px; width:640px\" /></p>\r\n\r\n<p>Kesuksesan 4 anak muda ini tentunya tak diraih secara instan. Ratusan bahkan ribuan pertandingan telah mereka tempuh sejak berkarir sebagai pro-player di dunia PUBG Mobile.</p>\r\n\r\n<p>Berkali-kali mengikuti pertandingan mulai dari skala kecil, menengah, nasional hingga internasional serta bertemu dengan player-player terbaik dari berbagai penjuru dunia.</p>\r\n\r\n<p>Berikut ini jadwal turnamen Indoesports League Mobile x Game.ly PUBG Mobile.</p>\r\n\r\n<p>Open Registration : 16 Januari 2020 &ndash; 26 Januari 2020</p>\r\n\r\n<p>Technical Meeting : 27 Januari 2020</p>\r\n\r\n<p>Babak Match : 28 &ndash; 30 Januari 2020</p>\r\n\r\n<p>Grand Final : 31 Januari 2020</p>\r\n\r\n<p>Tempat : Online di seluruh Indonesia</p>\r\n\r\n<p>Update berita dan informasi turnamen, serta halaman untuk mendaftar dapat diakses di website dan Instagram Indoesports.</p>\r\n"
    },
    {
      "id": 3,
      "name_category": "Medium",
      "title": "Mobile Legend Update",
      "image": "https://img.okezone.com/content/2020/08/04/16/2256942/piala-menpora-esport-2020-tampilkan-game-mobile-legends-bang-bang-oiczwialMq.jpg",
      "description": "Ini contoh description guide/tutorial ka tiga pada json online, silahkan upload file html di hosting",
      "link": "https://aliendro.id/uploads/demo/guidejson/guide_2.html"
    }
  ]
}
